{"duration": 0.006185770034790039, "input_args": {"seed": "1"}, "time": 1740699242.0198143}