{"duration": 0.0030908584594726562, "input_args": {"seed": "1"}, "time": 1743095679.7519832}