{"duration": 0.0028197765350341797, "input_args": {"seed": "1"}, "time": 1743097637.962604}