{"duration": 0.0037221908569335938, "input_args": {"seed": "1"}, "time": 1743097621.4667072}