{"duration": 0.003564119338989258, "input_args": {"seed": "1"}, "time": 1743095704.5210457}