{"duration": 0.015526533126831055, "input_args": {"seed": "1"}, "time": 1740699348.5008197}